INSERT INTO enderecos (logradouro, numero, cidade, estado, cep)
VALUES ('Rua A', '100', 'Florianópolis', 'SC', '88000-000'),
       ('Avenida B', '200', 'São Paulo', 'SP', '01000-000'),
       ('Rua C', '300', 'Brasília', 'DF', '70000-000'),
       ('Avenida D', '400', 'Recife', 'PE', '50000-000'),
       ('Rua E', '500', 'Belém', 'PA', '66000-000'),
       ('Avenida F', '600', 'Cuiabá', 'MT', '78000-000'),
       ('Rua G', '700', 'São Luís', 'MA', '65000-000'),
       ('Avenida H', '800', 'Manaus', 'AM', '69000-000'),
       ('Rua I', '900', 'Florianópolis', 'SC', '88010-000'),
       ('Avenida J', '1000', 'São Paulo', 'SP', '01010-000'),
       ('Rua K', '1100', 'Brasília', 'DF', '70010-000'),
       ('Avenida L', '1200', 'Recife', 'PE', '50010-000'),
       ('Rua M', '1300', 'Belém', 'PA', '66010-000'),
       ('Avenida N', '1400', 'Cuiabá', 'MT', '78010-000'),
       ('Rua O', '1500', 'São Luís', 'MA', '65010-000'),
       ('Avenida P', '1600', 'Manaus', 'AM', '69010-000'),
       ('Rua Q', '1700', 'Florianópolis', 'SC', '88020-000'),
       ('Avenida R', '1800', 'São Paulo', 'SP', '01020-000'),
       ('Rua S', '1900', 'Brasília', 'DF', '70020-000'),
       ('Avenida T', '2000', 'Recife', 'PE', '50020-000'),
       ('Rua U', '2100', 'Belém', 'PA', '66020-000'),
       ('Avenida V', '2200', 'Cuiabá', 'MT', '78020-000'),
       ('Rua W', '2300', 'São Luís', 'MA', '65020-000'),
       ('Avenida X', '2400', 'Manaus', 'AM', '69020-000'),
       ('Rua Y', '2500', 'Florianópolis', 'SC', '88030-000'),
       ('Avenida Z', '2600', 'São Paulo', 'SP', '01030-000'),
       ('Rua 1', '2700', 'Brasília', 'DF', '70030-000'),
       ('Avenida 2', '2800', 'Recife', 'PE', '50030-000'),
       ('Rua 3', '2900', 'Belém', 'PA', '66030-000'),
       ('Avenida 4', '3000', 'Cuiabá', 'MT', '78030-000');


INSERT INTO usuarios (nome, email, senha, data_nascimento, telefone, endereco_id)
VALUES ('João Silva', 'joao.silva@email.com', 'senha123', '1990-05-15 12:00:00', '(11) 9999-8888', 1),
       ('Maria Santos', 'maria.santos@email.com', 'senha456', '1985-10-20 08:30:00', '(21) 7777-6666', 2),
       ('Carlos Oliveira', 'carlos.oliveira@email.com', 'senha789', '1988-03-25 18:45:00', '(31) 3333-2222', 3),
       ('Ana Pereira', 'ana.pereira@email.com', 'senhaabc', '1995-08-12 15:20:00', '(41) 5555-4444', 4),
       ('Pedro Costa', 'pedro.costa@email.com', 'senhaxyz', '1980-12-30 10:10:00', '(51) 1111-0000', 5),
       ('Mariana Almeida', 'mariana.almeida@email.com', 'senha321', '1992-04-05 09:00:00', '(61) 9999-3333', 6),
       ('Rafael Lima', 'rafael.lima@email.com', 'senha654', '1987-06-18 14:15:00', '(71) 8888-2222', 7),
       ('Fernanda Martins', 'fernanda.martins@email.com', 'senha987', '1983-09-22 16:30:00', '(81) 7777-1111', 8),
       ('Gustavo Sousa', 'gustavo.sousa@email.com', 'senha123abc', '1998-02-08 11:45:00', '(91) 3333-5555', 9),
       ('Camila Castro', 'camila.castro@email.com', 'senhaxyz', '1993-07-14 13:00:00', '(32) 2222-9999', 10),
       ('Lucas Oliveira', 'lucas.oliveira@email.com', 'senha456abc', '1986-11-28 17:00:00', '(84) 8888-7777', 11),
       ('Juliana Santos', 'juliana.santos@email.com', 'senha789xyz', '1991-01-10 19:20:00', '(95) 1111-4444', 12),
       ('Marcos Silva', 'marcos.silva@email.com', 'senhaabc123', '1984-05-03 08:45:00', '(15) 6666-3333', 13),
       ('Carolina Pereira', 'carolina.pereira@email.com', 'senhawxyz', '1994-09-17 10:30:00', '(27) 9999-8888', 14),
       ('André Costa', 'andre.costa@email.com', 'senhazxc', '1989-12-12 12:15:00', '(37) 7777-5555', 15),
       ('Isabela Almeida', 'isabela.almeida@email.com', 'senhajkl', '1997-03-26 14:40:00', '(47) 3333-2222', 16),
       ('Ricardo Lima', 'ricardo.lima@email.com', 'senhaqwe', '1982-08-09 16:50:00', '(57) 8888-9999', 17),
       ('Patrícia Martins', 'patricia.martins@email.com', 'senhaasd', '1996-02-15 18:00:00', '(67) 1111-7777', 18),
       ('Marcelo Sousa', 'marcelo.sousa@email.com', 'senhazxcv', '1981-06-30 20:10:00', '(77) 6666-4444', 19),
       ('Tatiana Castro', 'tatiana.castro@email.com', 'senhabnm', '1999-10-22 22:30:00', '(87) 9999-2222', 20),
       ('Roberto Oliveira', 'roberto.oliveira@email.com', 'senhaplm', '1985-04-18 11:15:00', '(97) 7777-8888', 21),
       ('Aline Lima', 'aline.lima@email.com', 'senhaokn', '1990-07-07 13:20:00', '(18) 3333-9999', 22),
       ('Felipe Santos', 'felipe.santos@email.com', 'senhaasdqwe', '1983-11-11 15:45:00', '(28) 8888-1111', 23),
       ('Vanessa Silva', 'vanessa.silva@email.com', 'senhabnmzxc', '1995-01-25 17:55:00', '(38) 1111-4444', 24),
       ('Renato Martins', 'renato.martins@email.com', 'senhaqwerty', '1988-05-08 19:00:00', '(48) 6666-7777', 25),
       ('Patrícia Costa', 'patricia.costa@email.com', 'senhauiop', '1992-09-30 21:20:00', '(58) 9999-3333', 26),
       ('Rodrigo Almeida', 'rodrigo.almeida@email.com', 'senhazxcvbn', '1987-02-14 10:30:00', '(68) 7777-5555', 27),
       ('Cristina Oliveira', 'cristina.oliveira@email.com', 'senhaasdfgh', '1991-06-27 12:45:00', '(78) 3333-8888', 28),
       ('Gabriel Sousa', 'gabriel.sousa@email.com', 'senhapoiuyt', '1984-10-19 14:55:00', '(88) 8888-1111', 29),
       ('Fernanda Castro', 'fernanda.castro@email.com', 'senhazxcvbnm', '1989-04-02 16:10:00', '(98) 1111-4444', 30);

INSERT INTO agencias (nome_agencia, endereco_id, telefone)
VALUES ('Agência Central', 1, '(11) 1234-5678'),
       ('Agência Sul', 2, '(11) 2345-6789'),
       ('Agência Norte', 3, '(11) 3456-7890'),
       ('Agência Nordeste', 4, '(11) 4567-8901'),
       ('Agência Sudeste', 5, '(11) 5678-9012');

INSERT INTO contas (usuario_id, agencia_id, tipo_conta, saldo, data_abertura)
VALUES (1, 1, 'Conta Corrente', 5000.00, '2023-06-01 12:00:00'),
       (2, 2, 'Conta Poupança', 3000.00, '2023-07-15 09:30:00'),
       (3, 3, 'Conta Corrente', 7000.00, '2023-08-20 14:45:00'),
       (4, 4, 'Conta Corrente', 10000.00, '2023-09-25 10:00:00'),
       (5, 5, 'Conta Poupança', 2000.00, '2023-10-30 11:30:00'),
       (6, 1, 'Conta Corrente', 15000.00, '2023-11-05 08:00:00'),
       (7, 2, 'Conta Corrente', 4000.00, '2023-12-10 15:20:00'),
       (8, 3, 'Conta Poupança', 6000.00, '2024-01-15 16:00:00'),
       (9, 4, 'Conta Corrente', 8000.00, '2024-02-20 17:30:00'),
       (10, 5, 'Conta Corrente', -50.00, '2024-03-25 18:45:00'),
       (11, 1, 'Conta Poupança', 2500.00, '2024-04-30 19:00:00'),
       (12, 2, 'Conta Corrente', -300.00, '2024-05-05 20:15:00'),
       (13, 3, 'Conta Corrente', 3500.00, '2024-06-10 21:30:00'),
       (14, 4, 'Conta Poupança', 9000.00, '2024-07-15 22:45:00'),
       (15, 5, 'Conta Corrente', 3000.00, '2024-08-20 23:00:00'),
       (16, 1, 'Conta Corrente', 4500.00, '2024-09-25 08:00:00'),
       (17, 2, 'Conta Poupança', 8500.00, '2024-10-30 09:30:00'),
       (18, 3, 'Conta Corrente', 11000.00, '2024-11-05 10:45:00'),
       (19, 4, 'Conta Corrente', 3200.00, '2024-12-10 11:00:00'),
       (20, 5, 'Conta Poupança', 17000.00, '2025-01-15 12:15:00'),
       (21, 1, 'Conta Corrente', 3800.00, '2025-02-20 13:30:00'),
       (22, 2, 'Conta Corrente', 5800.00, '2025-03-25 14:45:00'),
       (23, 3, 'Conta Poupança', 7800.00, '2025-04-30 15:00:00'),
       (24, 4, 'Conta Corrente', 12500.00, '2025-05-05 16:15:00'),
       (25, 5, 'Conta Corrente', 2700.00, '2025-06-10 17:30:00'),
       (26, 1, 'Conta Poupança', 18500.00, '2025-07-15 18:45:00'),
       (27, 2, 'Conta Corrente', 3600.00, '2025-08-20 19:00:00'),
       (28, 3, 'Conta Corrente', 9500.00, '2025-09-25 20:15:00'),
       (29, 4, 'Conta Poupança', -100.00, '2025-10-30 21:30:00'),
       (30, 5, 'Conta Corrente', 6000.00, '2025-11-05 22:45:00');

INSERT INTO cartoes (conta_id, numero_cartao, validade, codigo_seguranca, limite, tipo_cartao)
VALUES (1, '1234567890123456', '2025-06-01 00:00:00', '123', 5000.00, 'Crédito'),
       (2, '2345678901234567', '2024-09-01 00:00:00', '234', 3000.00, 'Débito'),
       (3, '3456789012345678', '2023-12-01 00:00:00', '345', 2000.00, 'Crédito'),
       (4, '4567890123456789', '2026-03-01 00:00:00', '456', 10000.00, 'Crédito'),
       (5, '5678901234567890', '2025-04-01 00:00:00', '567', 8000.00, 'Débito'),
       (6, '6789012345678901', '2024-07-01 00:00:00', '678', 6000.00, 'Crédito'),
       (7, '7890123456789012', '2023-10-01 00:00:00', '789', 4000.00, 'Débito'),
       (8, '8901234567890123', '2022-01-01 00:00:00', '890', 7000.00, 'Crédito'),
       (9, '9012345678901234', '2023-02-01 00:00:00', '901', 9000.00, 'Débito'),
       (10, '0123456789012345', '2024-05-01 00:00:00', '012', 12000.00, 'Crédito'),
       (11, '1234509876543210', '2025-08-01 00:00:00', '234', 15000.00, 'Crédito'),
       (12, '2345610987654321', '2026-11-01 00:00:00', '345', 18000.00, 'Débito'),
       (13, '3456721098765432', '2027-02-01 00:00:00', '456', 2000.00, 'Crédito'),
       (14, '4567832109876543', '2028-03-01 00:00:00', '567', 3000.00, 'Débito'),
       (15, '5678943210987654', '2029-06-01 00:00:00', '678', 5000.00, 'Crédito'),
       (16, '6789054321098765', '2030-09-01 00:00:00', '789', 4000.00, 'Débito'),
       (17, '7890165432109876', '2031-12-01 00:00:00', '890', 6000.00, 'Crédito'),
       (18, '8901276543210987', '2032-01-01 00:00:00', '901', 8000.00, 'Débito'),
       (19, '9012387654321098', '2033-04-01 00:00:00', '012', 10000.00, 'Crédito'),
       (20, '0123498765432109', '2034-07-01 00:00:00', '123', 12000.00, 'Débito'),
       (21, '1234509876543211', '2035-10-01 00:00:00', '234', 15000.00, 'Crédito'),
       (22, '2345610987654322', '2036-11-01 00:00:00', '345', 18000.00, 'Débito'),
       (23, '3456721098765433', '2037-02-01 00:00:00', '456', 2000.00, 'Crédito'),
       (24, '4567832109876544', '2038-03-01 00:00:00', '567', 3000.00, 'Débito'),
       (25, '5678943210987655', '2039-06-01 00:00:00', '678', 5000.00, 'Crédito'),
       (26, '6789054321098766', '2040-09-01 00:00:00', '789', 4000.00, 'Débito'),
       (27, '7890165432109877', '2041-12-01 00:00:00', '890', 6000.00, 'Crédito'),
       (28, '8901276543210988', '2042-01-01 00:00:00', '901', 8000.00, 'Débito'),
       (29, '9012387654321099', '2043-04-01 00:00:00', '012', 10000.00, 'Crédito'),
       (30, '0123498765432100', '2044-07-01 00:00:00', '123', 12000.00, 'Débito');

INSERT INTO pagamentos (conta_id, cartao_id, valor, data_pagamento, descricao)
VALUES (1, NULL, 100.50, '2023-06-01 12:00:00', 'Pagamento de fatura do cartão de crédito'),
       (2, NULL, 50.25, '2023-07-15 09:30:00', 'Pagamento de fatura do cartão de débito'),
       (3, NULL, 200.75, '2023-08-20 14:45:00', 'Pagamento de fatura do cartão de crédito'),
       (4, NULL, 150.00, '2023-09-25 10:00:00', 'Pagamento de conta de luz'),
       (5, NULL, 500.80, '2023-10-30 11:30:00', 'Pagamento de fatura do cartão de crédito'),
       (6, NULL, 80.20, '2023-11-05 08:00:00', 'Pagamento de compra realizada'),
       (7, NULL, 300.50, '2023-12-10 15:20:00', 'Pagamento de fatura do cartão de crédito'),
       (8, NULL, 20.75, '2024-01-15 16:00:00', 'Pagamento de taxa bancária'),
       (9, NULL, 700.30, '2024-02-20 17:30:00', 'Pagamento de fatura do cartão de crédito'),
       (10, NULL, 30.60, '2024-03-25 18:45:00', 'Doação para instituição de caridade'),
       (11, NULL, 120.00, '2024-04-30 19:00:00', 'Pagamento de fatura do cartão de crédito'),
       (12, NULL, 70.50, '2024-05-05 20:15:00', 'Pagamento de fatura do cartão de débito'),
       (13, NULL, 180.25, '2024-06-10 21:30:00', 'Pagamento de fatura do cartão de crédito'),
       (14, NULL, 250.75, '2024-07-15 22:45:00', 'Pagamento de conta de água'),
       (15, NULL, 1000.00, '2024-08-20 23:00:00', 'Pagamento de fatura do cartão de crédito'),
       (16, NULL, 90.20, '2024-09-25 08:00:00', 'Pagamento de compra realizada'),
       (17, NULL, 400.50, '2024-10-30 09:30:00', 'Pagamento de fatura do cartão de crédito'),
       (18, NULL, 10.75, '2024-11-05 10:45:00', 'Pagamento de taxa bancária'),
       (19, NULL, 800.30, '2024-12-10 11:00:00', 'Pagamento de fatura do cartão de crédito'),
       (20, NULL, 40.60, '2025-01-15 12:15:00', 'Doação para instituição de caridade'),
       (21, NULL, 110.00, '2025-02-20 13:30:00', 'Pagamento de fatura do cartão de crédito'),
       (22, NULL, 60.50, '2025-03-25 14:45:00', 'Pagamento de fatura do cartão de débito'),
       (23, NULL, 220.25, '2025-04-30 15:00:00', 'Pagamento de fatura do cartão de crédito'),
       (24, NULL, 180.75, '2025-05-05 16:15:00', 'Pagamento de conta de telefone'),
       (25, NULL, 800.80, '2025-06-10 17:30:00', 'Pagamento de fatura do cartão de crédito'),
       (26, NULL, 70.20, '2025-07-15 18:45:00', 'Pagamento de compra realizada'),
       (27, NULL, 350.50, '2025-08-20 19:00:00', 'Pagamento de fatura do cartão de crédito'),
       (28, NULL, 15.75, '2025-09-25 20:15:00', 'Pagamento de taxa bancária'),
       (29, NULL, 900.30, '2025-10-30 21:30:00', 'Pagamento de fatura do cartão de crédito'),
       (30, NULL, 50.60, '2025-11-05 22:45:00', 'Doação para instituição de caridade');

INSERT INTO tipos_transacoes (descricao)
VALUES ('Depósito'),
       ('Transferência'),
       ('Pagamento'),
       ('Investimento'),
       ('Compra'),
       ('Recebimento'),
       ('Tarifa'),
       ('Resgate'),
       ('Doação');

INSERT INTO transacoes (conta_origem_id, conta_destino_id, tipo_transacao_id, valor, descricao)
VALUES (1, 2, 1, 100.50, 'Transferência de João Silva para Maria Santos'),
       (3, 4, 2, 50.25, 'Saque realizado por Carlos Oliveira'),
       (5, 6, 3, 200.75, 'Depósito na conta de Ana Pereira'),
       (7, 8, 4, 150.00, 'Pagamento de conta de Rafael Lima'),
       (9, 10, 5, 500.80, 'Investimento realizado por Gustavo Sousa'),
       (11, 12, 6, 80.20, 'Compra efetuada por Camila Castro'),
       (13, 14, 7, 300.50, 'Recebimento de pagamento por Marcos Silva'),
       (15, 16, 8, 20.75, 'Tarifa bancária'),
       (17, 18, 9, 700.30, 'Resgate de investimento por Patrícia Martins'),
       (19, 20, 10, 30.60, 'Doação para instituição de caridade'),
       (21, 22, 1, 120.00, 'Transferência de Roberto Oliveira para Aline Lima'),
       (23, 24, 2, 70.50, 'Saque realizado por Felipe Santos'),
       (25, 26, 3, 180.25, 'Depósito na conta de Vanessa Silva'),
       (27, 28, 4, 250.75, 'Pagamento de conta de Renato Martins'),
       (29, 30, 5, 1000.00, 'Investimento realizado por Patrícia Costa'),
       (2, 1, 6, 90.20, 'Compra efetuada por Rodrigo Almeida'),
       (4, 3, 7, 400.50, 'Recebimento de pagamento por Cristina Oliveira'),
       (6, 5, 8, 10.75, 'Tarifa bancária'),
       (8, 7, 9, 800.30, 'Resgate de investimento por Gabriel Sousa'),
       (10, 9, 10, 40.60, 'Doação para instituição de caridade'),
       (12, 11, 1, 110.00, 'Transferência de Fernanda Castro para Lucas Oliveira'),
       (14, 13, 2, 60.50, 'Saque realizado por Juliana Santos'),
       (16, 15, 3, 220.25, 'Depósito na conta de Marcos Silva'),
       (18, 17, 4, 180.75, 'Pagamento de conta de Carolina Pereira'),
       (20, 19, 5, 800.80, 'Investimento realizado por André Costa'),
       (22, 21, 6, 70.20, 'Compra efetuada por Isabela Almeida'),
       (24, 23, 7, 350.50, 'Recebimento de pagamento por Ricardo Lima'),
       (26, 25, 8, 15.75, 'Tarifa bancária'),
       (28, 27, 9, 900.30, 'Resgate de investimento por Marcelo Sousa'),
       (30, 29, 10, 50.60, 'Doação para instituição de caridade');

INSERT INTO emprestimos (usuario_id, conta_destino_id, valor_emprestimo, taxa_juros, data_contratacao, data_vencimento)
VALUES (1, 2, 5000.00, 5.5, '2023-06-01 12:00:00', '2024-06-01 12:00:00'),
       (3, 4, 3000.00, 4.5, '2023-07-15 09:30:00', '2024-07-15 09:30:00'),
       (5, 6, 7000.00, 6.0, '2023-08-20 14:45:00', '2024-08-20 14:45:00'),
       (7, 8, 10000.00, 7.5, '2023-09-25 10:00:00', '2024-09-25 10:00:00'),
       (9, 10, 2000.00, 3.5, '2023-10-30 11:30:00', '2024-10-30 11:30:00'),
       (11, 12, 15000.00, 8.0, '2023-11-05 08:00:00', '2024-11-05 08:00:00'),
       (13, 14, 4000.00, 5.0, '2023-12-10 15:20:00', '2024-12-10 15:20:00'),
       (15, 16, 6000.00, 6.5, '2024-01-15 16:00:00', '2025-01-15 16:00:00'),
       (17, 18, 8000.00, 7.0, '2024-02-20 17:30:00', '2025-02-20 17:30:00'),
       (19, 20, 12000.00, 9.0, '2024-03-25 18:45:00', '2025-03-25 18:45:00'),
       (21, 22, 2500.00, 4.0, '2024-04-30 19:00:00', '2025-04-30 19:00:00'),
       (23, 24, 18000.00, 10.0, '2024-05-05 20:15:00', '2025-05-05 20:15:00'),
       (25, 26, 3500.00, 5.8, '2024-06-10 21:30:00', '2025-06-10 21:30:00'),
       (27, 28, 9000.00, 8.5, '2024-07-15 22:45:00', '2025-07-15 22:45:00'),
       (29, 30, 3000.00, 4.2, '2024-08-20 23:00:00', '2025-08-20 23:00:00'),
       (2, 1, 6000.00, 6.2, '2024-09-25 08:00:00', '2025-09-25 08:00:00'),
       (4, 3, 4500.00, 5.0, '2024-10-30 09:30:00', '2025-10-30 09:30:00'),
       (6, 5, 8500.00, 7.8, '2024-11-05 10:45:00', '2025-11-05 10:45:00'),
       (8, 7, 11000.00, 9.0, '2024-12-10 11:00:00', '2025-12-10 11:00:00'),
       (10, 9, 3200.00, 4.5, '2025-01-15 12:15:00', '2026-01-15 12:15:00'),
       (12, 11, 17000.00, 8.3, '2025-02-20 13:30:00', '2026-02-20 13:30:00'),
       (14, 13, 3800.00, 5.3, '2025-03-25 14:45:00', '2026-03-25 14:45:00'),
       (16, 15, 5800.00, 6.7, '2025-04-30 15:00:00', '2026-04-30 15:00:00'),
       (18, 17, 7800.00, 7.2, '2025-05-05 16:15:00', '2026-05-05 16:15:00'),
       (20, 19, 12500.00, 9.5, '2025-06-10 17:30:00', '2026-06-10 17:30:00'),
       (22, 21, 2700.00, 4.2, '2025-07-15 18:45:00', '2026-07-15 18:45:00'),
       (24, 23, 18500.00, 10.2, '2025-08-20 19:00:00', '2026-08-20 19:00:00'),
       (26, 25, 3600.00, 5.9, '2025-09-25 20:15:00', '2026-09-25 20:15:00'),
       (28, 27, 9500.00, 8.7, '2025-10-30 21:30:00', '2026-10-30 21:30:00'),
       (30, 29, 3100.00, 4.3, '2025-11-05 22:45:00', '2026-11-05 22:45:00');

INSERT INTO depositos (conta_id, valor, data_deposito, descricao)
VALUES (1, 100.50, '2023-06-01 12:00:00', 'Depósito realizado via caixa eletrônico'),
       (2, 50.25, '2023-07-15 09:30:00', 'Depósito em cheque recebido'),
       (3, 200.75, '2023-08-20 14:45:00', 'Depósito realizado por transferência bancária'),
       (4, 150.00, '2023-09-25 10:00:00', 'Depósito em dinheiro recebido pessoalmente'),
       (5, 500.80, '2023-10-30 11:30:00', 'Depósito realizado via aplicativo móvel'),
       (6, 80.20, '2023-11-05 08:00:00', 'Depósito em cheque recebido'),
       (7, 300.50, '2023-12-10 15:20:00', 'Depósito realizado via caixa eletrônico'),
       (8, 20.75, '2024-01-15 16:00:00', 'Depósito em dinheiro recebido pessoalmente'),
       (9, 700.30, '2024-02-20 17:30:00', 'Depósito realizado por transferência bancária'),
       (10, 30.60, '2024-03-25 18:45:00', 'Depósito realizado via aplicativo móvel'),
       (11, 120.00, '2024-04-30 19:00:00', 'Depósito em dinheiro recebido pessoalmente'),
       (12, 70.50, '2024-05-05 20:15:00', 'Depósito realizado via caixa eletrônico'),
       (13, 180.25, '2024-06-10 21:30:00', 'Depósito em cheque recebido'),
       (14, 250.75, '2024-07-15 22:45:00', 'Depósito realizado por transferência bancária'),
       (15, 1000.00, '2024-08-20 23:00:00', 'Depósito realizado via aplicativo móvel'),
       (16, 90.20, '2024-09-25 08:00:00', 'Depósito em dinheiro recebido pessoalmente'),
       (17, 400.50, '2024-10-30 09:30:00', 'Depósito realizado via caixa eletrônico'),
       (18, 10.75, '2024-11-05 10:45:00', 'Depósito em cheque recebido'),
       (19, 800.30, '2024-12-10 11:00:00', 'Depósito realizado por transferência bancária'),
       (20, 40.60, '2025-01-15 12:15:00', 'Depósito realizado via aplicativo móvel'),
       (21, 110.00, '2025-02-20 13:30:00', 'Depósito em dinheiro recebido pessoalmente'),
       (22, 60.50, '2025-03-25 14:45:00', 'Depósito realizado via caixa eletrônico'),
       (23, 220.25, '2025-04-30 15:00:00', 'Depósito em cheque recebido'),
       (24, 180.75, '2025-05-05 16:15:00', 'Depósito realizado por transferência bancária'),
       (25, 800.80, '2025-06-10 17:30:00', 'Depósito realizado via aplicativo móvel'),
       (26, 70.20, '2025-07-15 18:45:00', 'Depósito em dinheiro recebido pessoalmente'),
       (27, 350.50, '2025-08-20 19:00:00', 'Depósito realizado via caixa eletrônico'),
       (28, 15.75, '2025-09-25 20:15:00', 'Depósito em cheque recebido'),
       (29, 900.30, '2025-10-30 21:30:00', 'Depósito realizado por transferência bancária'),
       (30, 50.60, '2025-11-05 22:45:00', 'Depósito realizado via aplicativo móvel');

INSERT INTO historico_saldos (conta_id, saldo_anterior, saldo_atual, data_alteracao)
VALUES (1, 5000.00, 5100.50, '2023-06-01 12:00:00'),
       (2, 3000.00, 3050.25, '2023-07-15 09:30:00'),
       (3, 7000.00, 7200.75, '2023-08-20 14:45:00'),
       (4, 10000.00, 10150.00, '2023-09-25 10:00:00'),
       (5, 2000.00, 2500.80, '2023-10-30 11:30:00'),
       (6, 15000.00, 15080.20, '2023-11-05 08:00:00'),
       (7, 4000.00, 4300.50, '2023-12-10 15:20:00'),
       (8, 6000.00, 6020.75, '2024-01-15 16:00:00'),
       (9, 8000.00, 8700.30, '2024-02-20 17:30:00'),
       (10, 12000.00, 12030.60, '2024-03-25 18:45:00'),
       (11, 2500.00, 2620.00, '2024-04-30 19:00:00'),
       (12, 18000.00, 18070.50, '2024-05-05 20:15:00'),
       (13, 3500.00, 3680.25, '2024-06-10 21:30:00'),
       (14, 9000.00, 9250.75, '2024-07-15 22:45:00'),
       (15, 3000.00, 4000.00, '2024-08-20 23:00:00'),
       (16, 4500.00, 4590.20, '2024-09-25 08:00:00'),
       (17, 8500.00, 8900.50, '2024-10-30 09:30:00'),
       (18, 11000.00, 11010.75, '2024-11-05 10:45:00'),
       (19, 3200.00, 4000.30, '2024-12-10 11:00:00'),
       (20, 17000.00, 17040.60, '2025-01-15 12:15:00'),
       (21, 3800.00, 3910.00, '2025-02-20 13:30:00'),
       (22, 5800.00, 5860.50, '2025-03-25 14:45:00'),
       (23, 7800.00, 7980.25, '2025-04-30 15:00:00'),
       (24, 12500.00, 12580.75, '2025-05-05 16:15:00'),
       (25, 2700.00, 2770.80, '2025-06-10 17:30:00'),
       (26, 18500.00, 18570.20, '2025-07-15 18:45:00'),
       (27, 3600.00, 3950.50, '2025-08-20 19:00:00'),
       (28, 9500.00, 9515.75, '2025-09-25 20:15:00'),
       (29, 3100.00, 3150.30, '2025-10-30 21:30:00'),
       (30, 6000.00, 6050.60, '2025-11-05 22:45:00');
